{
  "camera": {
    "far": 10.0,
    "filmback": 35.0,
    "focalLength": 50.0,
    "near": 0.10000000149011612,
    "pitch": -3.349963426589966,
    "position": [
      -1.1017398834228516,
      0.28648003935813904,
      2.8819398880004883
    ],
    "yaw": -73.50003814697266
  },
  "hdri": {
    "exposure": 2.0,
    "path": "assets/hdr/HDR_111_Parking_Lot_2/HDR_111_Parking_Lot_2_Bg.jpg",
    "rotation": [
      0.0,
      0.0,
      0.0
    ],
    "visible": false
  },
  "render": {
    "downsample": 2,
    "height": 1152,
    "iblSamples": 16,
    "width": 2048
  },
  "shading": {
    "roughness": 0.3,
    "ssaoBlurRadius": 2,
    "ssaoBias": 0.025,
    "ssaoRadius": 0.5
  },
  "scene": {
    "geometry": "assets/geo/broken_stump_rkswd_ue_high/rkswd_tier_1.gltf",
    "rotation": [
      0.0,
      -90.0,
      -90.0
    ]
  }
}
