{
  "config": {
    "height": 1152,
    "iblSamples": 8,
    "ssaoBlurRadius": 2,
    "ssaoHalfRes": true,
    "ssaoSamples": 8,
    "width": 2048
  },
  "cpuFrameMs": {
    "max": 10.066666603088379,
    "mean": 4.0206708908081055,
    "p50": 3.4512500762939453,
    "p95": 6.535124778747559,
    "p99": 9.29529094696045
  },
  "gpuBlurMs": {
    "max": 0.44245898723602295,
    "mean": 0.012768999673426151,
    "p50": 0.0,
    "p95": 0.06650000065565109,
    "p99": 0.132207989692688
  },
  "gpuGeomMs": {
    "max": 1.2733750343322754,
    "mean": 0.5255139470100403,
    "p50": 0.4532490074634552,
    "p95": 1.1218750476837158,
    "p99": 1.2384999990463257
  },
  "gpuPostMs": {
    "max": 0.9442089796066284,
    "mean": 0.45886799693107605,
    "p50": 0.44574999809265137,
    "p95": 0.5365419983863831,
    "p99": 0.762499988079071
  },
  "gpuSsaoMs": {
    "max": 2.3240408897399902,
    "mean": 0.5170546174049377,
    "p50": 0.4183749854564667,
    "p95": 1.1392509937286377,
    "p99": 1.2486239671707153
  },
  "meanFps": 248.71473693847656
}
