{
  "config": {
    "height": 1152,
    "iblSamples": 8,
    "ssaoBlurRadius": 2,
    "ssaoHalfRes": true,
    "ssaoSamples": 16,
    "width": 2048
  },
  "cpuFrameMs": {
    "max": 22.42441749572754,
    "mean": 10.078178405761719,
    "p50": 9.374082565307617,
    "p95": 14.842666625976563,
    "p99": 18.63083267211914
  },
  "gpuBlurMs": {
    "max": 1.7487499713897705,
    "mean": 0.3199106454849243,
    "p50": 0.30341699719429016,
    "p95": 0.7056249976158142,
    "p99": 0.7661240100860596
  },
  "gpuGeomMs": {
    "max": 13.538750648498535,
    "mean": 5.0335845947265625,
    "p50": 4.860499858856201,
    "p95": 6.929749965667725,
    "p99": 11.193249702453613
  },
  "gpuPostMs": {
    "max": 1.9952499866485596,
    "mean": 0.42470628023147583,
    "p50": 0.40812501311302185,
    "p95": 0.5049160122871399,
    "p99": 0.7722499966621399
  },
  "gpuSsaoMs": {
    "max": 6.0719990730285645,
    "mean": 1.413450002670288,
    "p50": 1.3545409440994263,
    "p95": 1.8741250038146973,
    "p99": 4.912166118621826
  },
  "meanFps": 99.22429656982422
}
