{
  "config": {
    "height": 1152,
    "iblSamples": 8,
    "ssaoBlurRadius": 2,
    "ssaoHalfRes": true,
    "ssaoSamples": 8,
    "width": 2048
  },
  "cpuFrameMs": {
    "max": 19.666873931884766,
    "mean": 8.956563949584961,
    "p50": 8.741541862487793,
    "p95": 12.23408317565918,
    "p99": 13.842917442321777
  },
  "gpuBlurMs": {
    "max": 0.18220899999141693,
    "mean": 0.012812817469239235,
    "p50": 0.0,
    "p95": 0.05866700038313866,
    "p99": 0.071042001247406
  },
  "gpuGeomMs": {
    "max": 8.87783432006836,
    "mean": 5.110672473907471,
    "p50": 5.152040958404541,
    "p95": 7.530540943145752,
    "p99": 8.079291343688965
  },
  "gpuPostMs": {
    "max": 1.051334023475647,
    "mean": 0.47043171525001526,
    "p50": 0.46254199743270874,
    "p95": 0.5490009784698486,
    "p99": 0.7343739867210388
  },
  "gpuSsaoMs": {
    "max": 1.2478749752044678,
    "mean": 0.6399013996124268,
    "p50": 0.6302909851074219,
    "p95": 0.9146249890327454,
    "p99": 1.1930010318756104
  },
  "meanFps": 111.65003967285156
}
