{
  "config": {
    "height": 1152,
    "iblSamples": 8,
    "ssaoBlurRadius": 2,
    "ssaoHalfRes": true,
    "ssaoSamples": 8,
    "width": 2048
  },
  "cpuFrameMs": {
    "max": 11.665958404541016,
    "mean": 4.7408342361450195,
    "p50": 4.194916725158691,
    "p95": 7.580958366394043,
    "p99": 9.72629165649414
  },
  "gpuBlurMs": {
    "max": 1.5309169292449951,
    "mean": 0.055362213402986526,
    "p50": 0.03187499940395355,
    "p95": 0.13808299601078033,
    "p99": 0.6304159760475159
  },
  "gpuGeomMs": {
    "max": 2.879625082015991,
    "mean": 0.8027850985527039,
    "p50": 0.6662909984588623,
    "p95": 1.242540955543518,
    "p99": 1.9666249752044678
  },
  "gpuPostMs": {
    "max": 1.3922499418258667,
    "mean": 0.4666909873485565,
    "p50": 0.43291598558425903,
    "p95": 0.5955420136451721,
    "p99": 1.1058340072631836
  },
  "gpuSsaoMs": {
    "max": 3.0182089805603027,
    "mean": 0.8217285871505737,
    "p50": 0.6848750114440918,
    "p95": 1.2521239519119263,
    "p99": 1.7580410242080688
  },
  "meanFps": 210.9334259033203
}
