{
  "config": {
    "height": 1152,
    "iblSamples": 8,
    "ssaoBlurRadius": 2,
    "ssaoHalfRes": true,
    "ssaoSamples": 8,
    "width": 2048
  },
  "cpuFrameMs": {
    "max": 14.976249694824219,
    "mean": 8.26307487487793,
    "p50": 8.514041900634766,
    "p95": 11.451375007629395,
    "p99": 12.880249977111816
  },
  "gpuBlurMs": {
    "max": 0.7401660084724426,
    "mean": 0.26590627431869507,
    "p50": 0.23025000095367432,
    "p95": 0.4805000126361847,
    "p99": 0.6641250252723694
  },
  "gpuGeomMs": {
    "max": 9.665458679199219,
    "mean": 4.338548183441162,
    "p50": 4.560459136962891,
    "p95": 5.420415878295898,
    "p99": 6.752123832702637
  },
  "gpuPostMs": {
    "max": 0.7839999794960022,
    "mean": 0.4174607992172241,
    "p50": 0.4114159941673279,
    "p95": 0.46720799803733826,
    "p99": 0.6790840029716492
  },
  "gpuSsaoMs": {
    "max": 2.0751240253448486,
    "mean": 0.5552525520324707,
    "p50": 0.5274999737739563,
    "p95": 0.8074160218238831,
    "p99": 0.9559990167617798
  },
  "meanFps": 121.02033996582031
}
