{
  "config": {
    "height": 1152,
    "iblSamples": 8,
    "ssaoBlurRadius": 2,
    "ssaoHalfRes": true,
    "ssaoSamples": 8,
    "width": 2048
  },
  "cpuFrameMs": {
    "max": 12.559666633605957,
    "mean": 4.687268257141113,
    "p50": 4.181833267211914,
    "p95": 7.914708137512207,
    "p99": 10.269458770751953
  },
  "gpuBlurMs": {
    "max": 0.9128740429878235,
    "mean": 0.04515804350376129,
    "p50": 0.03208300098776817,
    "p95": 0.12925100326538086,
    "p99": 0.17387400567531586
  },
  "gpuGeomMs": {
    "max": 3.474540948867798,
    "mean": 0.7917191386222839,
    "p50": 0.6481670141220093,
    "p95": 1.2431249618530273,
    "p99": 2.1223740577697754
  },
  "gpuPostMs": {
    "max": 4.208876132965088,
    "mean": 0.4812883138656616,
    "p50": 0.428041011095047,
    "p95": 0.7080410122871399,
    "p99": 1.4212089776992798
  },
  "gpuSsaoMs": {
    "max": 2.768249988555908,
    "mean": 0.8001124262809753,
    "p50": 0.6822500228881836,
    "p95": 1.246999979019165,
    "p99": 1.3196660280227661
  },
  "meanFps": 213.34376525878906
}
