{
  "config": {
    "height": 1152,
    "iblSamples": 8,
    "ssaoBlurRadius": 2,
    "ssaoHalfRes": true,
    "ssaoSamples": 8,
    "width": 2048
  },
  "cpuFrameMs": {
    "max": 13.4277925491333,
    "mean": 5.26761531829834,
    "p50": 4.479416847229004,
    "p95": 8.416083335876465,
    "p99": 12.24970817565918
  },
  "gpuBlurMs": {
    "max": 0.6048750281333923,
    "mean": 0.05707880109548569,
    "p50": 0.04633300006389618,
    "p95": 0.14445799589157104,
    "p99": 0.23362599313259125
  },
  "gpuGeomMs": {
    "max": 4.800624847412109,
    "mean": 0.906589150428772,
    "p50": 0.8745830059051514,
    "p95": 1.187749981880188,
    "p99": 1.442999005317688
  },
  "gpuPostMs": {
    "max": 6.042959213256836,
    "mean": 0.5363277792930603,
    "p50": 0.45600101351737976,
    "p95": 0.7209590077400208,
    "p99": 1.7108759880065918
  },
  "gpuSsaoMs": {
    "max": 4.338125228881836,
    "mean": 0.966008186340332,
    "p50": 0.9088749885559082,
    "p95": 1.2893340587615967,
    "p99": 3.8667490482330322
  },
  "meanFps": 189.8392791748047
}
