{
  "config": {
    "height": 1152,
    "iblSamples": 16,
    "ssaoBlurRadius": 2,
    "ssaoHalfRes": true,
    "ssaoSamples": 16,
    "width": 2048
  },
  "cpuFrameMs": {
    "max": 19.484249114990234,
    "mean": 3.472538709640503,
    "p50": 2.815624952316284,
    "p95": 5.678125381469727,
    "p99": 10.590958595275879
  },
  "gpuBlurMs": {
    "max": 0.15291599929332733,
    "mean": 0.011723291128873825,
    "p50": 0.003665999975055456,
    "p95": 0.042083002626895905,
    "p99": 0.14612498879432678
  },
  "gpuGeomMs": {
    "max": 1.9068750143051147,
    "mean": 0.2884220778942108,
    "p50": 0.2742910087108612,
    "p95": 0.3425000011920929,
    "p99": 0.4103749990463257
  },
  "gpuPostMs": {
    "max": 3.275834083557129,
    "mean": 0.4761018455028534,
    "p50": 0.44020798802375793,
    "p95": 0.5567499995231628,
    "p99": 1.301334023475647
  },
  "gpuSsaoMs": {
    "max": 0.5332499742507935,
    "mean": 0.12586647272109985,
    "p50": 0.1041250005364418,
    "p95": 0.304749995470047,
    "p99": 0.49629101157188416
  },
  "meanFps": 287.9737854003906
}
