{
  "config": {
    "height": 1152,
    "iblSamples": 8,
    "ssaoBlurRadius": 2,
    "ssaoHalfRes": true,
    "width": 2048
  },
  "cpuFrameMs": {
    "max": 28.816665649414063,
    "mean": 15.119536399841309,
    "p50": 14.401749610900879,
    "p95": 17.166292190551758,
    "p99": 27.6560001373291
  },
  "gpuGeomMs": {
    "max": 10.178500175476074,
    "mean": 4.301844120025635,
    "p50": 4.024166107177734,
    "p95": 5.267749786376953,
    "p99": 9.20504093170166
  },
  "gpuPostMs": {
    "max": 16.305999755859375,
    "mean": 7.594529628753662,
    "p50": 7.331124782562256,
    "p95": 9.873250007629395,
    "p99": 15.775375366210938
  },
  "meanFps": 66.13958740234375
}
