{
  "config": {
    "height": 1152,
    "iblSamples": 16,
    "ssaoBlurRadius": 2,
    "ssaoHalfRes": true,
    "ssaoSamples": 16,
    "width": 2048
  },
  "cpuFrameMs": {
    "max": 22.62091636657715,
    "mean": 4.417269706726074,
    "p50": 3.74120831489563,
    "p95": 6.625666618347168,
    "p99": 8.844792366027832
  },
  "gpuBlurMs": {
    "max": 0.38462498784065247,
    "mean": 0.006122109945863485,
    "p50": 0.0,
    "p95": 0.02962600067257881,
    "p99": 0.12175099551677704
  },
  "gpuGeomMs": {
    "max": 1.6373759508132935,
    "mean": 0.47897112369537354,
    "p50": 0.4464989900588989,
    "p95": 0.6182090044021606,
    "p99": 1.248749017715454
  },
  "gpuPostMs": {
    "max": 0.7482920289039612,
    "mean": 0.4713962972164154,
    "p50": 0.4552080035209656,
    "p95": 0.5936260223388672,
    "p99": 0.6392509937286377
  },
  "gpuSsaoMs": {
    "max": 2.728832960128784,
    "mean": 0.9178042411804199,
    "p50": 0.8152490258216858,
    "p95": 1.4739999771118164,
    "p99": 2.6810009479522705
  },
  "meanFps": 226.3841552734375
}
