{
  "config": {
    "height": 1152,
    "iblSamples": 16,
    "ssaoBlurRadius": 2,
    "ssaoHalfRes": true,
    "ssaoSamples": 16,
    "width": 2048
  },
  "cpuFrameMs": {
    "max": 14.56570816040039,
    "mean": 5.562293529510498,
    "p50": 4.684000015258789,
    "p95": 8.531332969665527,
    "p99": 11.680292129516602
  },
  "gpuBlurMs": {
    "max": 1.0334160327911377,
    "mean": 0.04460404813289642,
    "p50": 0.02137400023639202,
    "p95": 0.14704099297523499,
    "p99": 0.7918329834938049
  },
  "gpuGeomMs": {
    "max": 2.4543750286102295,
    "mean": 0.7104988098144531,
    "p50": 0.6335830092430115,
    "p95": 1.2557499408721924,
    "p99": 1.2755420207977295
  },
  "gpuPostMs": {
    "max": 2.8226239681243896,
    "mean": 0.5090970993041992,
    "p50": 0.45262500643730164,
    "p95": 0.6606249809265137,
    "p99": 1.3303749561309814
  },
  "gpuSsaoMs": {
    "max": 4.833625793457031,
    "mean": 1.6351710557937622,
    "p50": 1.4113329648971558,
    "p95": 3.4237499237060547,
    "p99": 3.8127501010894775
  },
  "meanFps": 179.78187561035156
}
